{"cameraMode":{"drawMode":0,"name":"Shaded","section":"Shading Mode"},"sceneLighting":true,"audioPlay":false,"sceneViewState":{"showFog":true,"showMaterialUpdate":false,"showSkybox":true,"showFlares":true,"showImageEffects":true,"showParticleSystems":true,"showVisualEffectGraphs":true,"m_FxEnabled":true},"in2DMode":false,"pivot":{"x":0.9996247291564941,"y":4.736924171447754,"z":-0.46811580657958987},"rotation":{"x":0.09734136611223221,"y":-0.8987455368041992,"z":0.34322699904441836,"w":0.2548271417617798},"size":8.425264358520508,"orthographic":false}